importo,ora_notturna,nuovo_utente,truffa
755.3348365062513,0,1,0
1901.9214697557331,1,1,1
1466.6679442046961,1,1,1
1201.3303835521028,1,1,1
320.47709448044867,1,0,0
320.42909546904326,0,0,0
125.58638821471693,1,1,1
1733.690530092121,0,0,0
1206.2188733689854,0,1,0
1419.0644298141306,0,0,0
50.96314364864687,0,1,0
1940.1206058023688,0,1,1
1666.5608551928392,1,0,0
432.55483024976957,1,0,0
371.8316847421302,1,1,1
374.9749746083333,1,1,1
615.4420634894801,0,0,0
1054.2652989481533,1,0,0
869.5705870978104,0,1,0
589.5459889941034,1,0,0
1227.5872604975352,0,1,0
287.5927826975632,0,1,0
591.3678505850842,1,1,1
739.0600681544465,0,1,0
917.5792685919015,0,0,0
1572.500163172097,1,0,0
407.3508264951359,0,0,0
1033.3265324430872,1,0,0
1188.9049920354646,1,0,0
102.43632131279547,1,0,0
1219.0142552838624,0,0,0
349.3430061377101,0,1,0
139.45267004070624,0,0,0
1898.2822191341331,1,0,0
1931.6077458183731,0,1,1
1618.7107227517577,1,0,0
616.1814006550077,1,0,0
204.3675068727039,0,1,0
1371.6237227591923,1,0,0
885.9034625418066,0,0,0
252.85608734110986,0,0,0
995.4020511214277,0,1,0
78.43315701928461,0,0,0
1819.5476001367763,0,0,0
524.9721633840337,1,1,1
1328.419345864424,1,0,1
630.3050414179278,1,1,1
1044.9353621438436,0,1,0
1097.9534558931266,0,0,0
377.8603664957988,0,1,0
1939.4734092514716,1,1,1
1552.514318488618,0,0,0
1879.6028937127364,1,1,1
1790.7064273510211,1,1,1
1199.8209578340595,0,0,0
1844.5297276960025,0,0,0
186.1000790833198,1,0,0
400.0058962140989,0,1,0
100.00230493197076,1,0,0
657.4073582188961,0,1,0
783.4678064820692,0,1,0
549.9845732300529,1,1,1
1659.1876432123395,0,1,0
719.9391201202427,1,1,1
569.0596742778877,0,1,0
1089.9652054849143,1,1,1
290.4392076997777,1,0,0
1606.371991700539,0,0,0
158.35578092274395,1,1,1
1973.9050038350294,0,1,0
1546.7670909003482,0,0,0
405.4442062530031,0,1,0
20.989013075968774,1,0,0
1632.76824262512,1,0,0
1416.646114256758,0,0,0
1460.7242644015648,0,1,1
1544.827989905032,1,1,1
157.34885695083983,0,0,0
723.3467998031025,0,0,0
240.57942845500813,1,0,0
1727.575817492431,0,0,0
1250.3632723868402,1,0,0
668.4870694567719,0,1,0
136.48111706918704,1,0,0
628.8548202141678,0,1,0
657.1148108332267,0,0,0
1461.9162948927476,1,1,1
1278.739367996874,0,1,0
1775.5533577268898,1,1,1
949.7077010722791,0,1,0
247.99254941722037,1,1,1
1429.35712657376,1,1,1
1523.9622467476258,1,0,0
1126.9416231632974,1,1,1
1544.2246881095764,0,0,0
992.6532367651375,0,1,0
1050.2383304701682,1,1,1
860.8066265335137,1,0,0
60.58406222074942,1,1,1
224.70393971667585,0,0,0
72.54407951660116,0,0,0
1276.456718414923,0,0,0
635.5684023418901,0,0,0
1022.0556754177585,1,1,1
1816.057283112925,1,1,1
506.09153600626115,1,0,0
826.6620168409032,0,1,0
1513.5467657006668,0,1,1
465.3083493283287,0,0,0
163.19002055929806,1,1,1
586.6053912983983,1,0,0
330.8303616354688,0,0,0
1860.0983281617205,1,1,1
1618.1595553331897,0,1,0
1270.4734754557428,0,1,0
1744.2065744735582,1,0,0
1609.3074330292377,0,0,0
381.2744171832113,1,1,1
1786.1924069950558,0,1,0
1083.291061412145,1,1,1
1616.8059087764843,1,1,1
1793.2216868477515,1,0,0
642.8269151940091,0,1,0
229.00332981007676,0,0,0
463.59097345846396,1,0,0
859.94449936625,1,1,1
1637.8493841857612,0,1,1
1722.8538606801235,0,1,0
23.8347397570695,0,0,0
1026.387132129356,1,1,1
840.6478962660702,0,1,0
451.99454283675317,0,0,0
248.53208099402877,1,1,0
681.8541910932196,0,0,0
1886.390310785913,0,1,0
653.1738347213029,0,0,0
1042.3933372692986,1,1,1
1409.007728201404,1,1,1
733.622908734795,1,0,0
1943.8463446147118,1,0,0
1925.2701169348013,1,1,1
511.04676869247464,1,0,0
999.5245267258471,1,0,0
608.7478365353717,0,0,0
576.8325838111606,0,0,0
83.40502523552026,1,1,0
1223.0330246199946,0,1,0
1010.3312562254343,0,0,0
112.44271498747881,1,0,0
564.5064638308568,0,0,0
1817.4491130736408,0,0,0
486.7281624272751,0,1,0
298.34079546153396,0,1,0
984.0109929523504,0,0,0
1971.4444036800953,1,0,0
491.6899903078858,1,0,0
1347.5497393376984,1,1,1
1525.6230345041479,0,0,0
482.89871254487537,1,1,1
1459.1505337376007,0,0,0
741.8884341113139,0,1,0
1268.2886028812231,0,0,0
1270.7241244141806,0,1,0
1076.1916213087693,1,0,0
189.67664240827253,1,0,0
1672.2519662225836,0,0,0
648.3523292937543,1,1,1
381.17183569570994,0,0,0
91.14253169398019,1,1,1
1185.8769569446013,1,1,1
1358.353080066142,0,0,0
43.00977956643374,1,0,0
1029.065186015569,0,0,0
460.72659264389654,1,1,1
1293.8938529148052,0,0,0
356.989193719933,0,1,0
1384.9660988239073,1,1,1
779.6033391380695,1,0,0
1874.0926775861017,0,0,0
283.6666788505266,1,0,0
688.7220385900144,1,0,0
235.81230726877226,0,0,0
1850.1403003743399,0,0,0
1755.9053132281522,1,1,1
523.3038391531596,0,1,0
1323.3682516080162,0,1,0
1636.2721784004195,0,0,0
1114.84961508293,1,1,1
1064.004650928453,1,1,1
491.28605889189885,0,1,0
195.27450793373944,1,1,1
1795.4593583271203,0,1,1
1801.8319337550276,1,0,0
1269.8718999738032,0,0,0
684.6692841869143,0,1,0
704.9270534791951,1,1,1
1454.6518009517763,0,1,0
1795.2494173056284,1,0,0
1775.3019842875835,1,0,0
1561.9523362566715,0,1,1
1287.6429758470326,0,0,0
177.43853034014717,1,0,0
331.6411410482814,0,1,0
1798.1228351688876,0,0,0
1216.793828722584,0,0,0
28.302132717093,0,1,0
211.92837030340388,0,0,0
1330.368520525031,1,0,0
20.072551853975185,1,1,1
330.0080223208223,0,0,0
1101.9802408395065,0,0,0
1386.8714434084595,0,1,0
1307.402906410175,1,1,1
456.29592582651395,0,1,0
1427.2366504815964,1,0,1
482.12568411863214,1,1,1
657.5453993369428,1,0,0
1495.517896184868,0,1,0
1302.7694691039571,1,0,0
1699.954586883414,0,1,1
1318.6496556776833,1,1,1
1140.9341206375884,0,1,0
196.41278797790403,1,1,0
741.7544480882727,0,0,0
537.7527116866337,1,1,1
495.5393903243763,0,1,0
1946.2910039573667,0,0,0
792.2644720868532,0,1,0
1785.1726448024554,0,0,0
1265.965865734553,1,1,1
1591.6744940478804,1,1,1
1010.2478152793323,0,1,0
1158.0387304064545,1,0,0
990.1102106995392,0,1,0
398.53354571810854,0,1,0
1447.6797093703956,1,1,1
568.7370012573031,0,0,0
58.38877319859314,0,0,0
1294.489868855264,1,1,1
362.4502520200274,0,0,0
1881.5125828622995,0,1,0
1908.3178682351488,0,1,1
1830.5801365386926,0,1,0
746.6158135083343,1,1,1
40.758666892446186,1,1,0
1857.3539395495734,1,1,1
862.0864551514555,0,1,0
1933.6430898969024,0,0,0
1927.6037544076132,1,0,1
1707.4888163800465,0,0,0
595.9532952184755,0,0,0
776.3444799178312,0,0,0
1703.7619763185453,0,0,0
640.6747902609925,1,0,0
347.29056590532406,1,1,1
1118.034512292117,1,1,1
1872.9480005799542,0,1,0
1395.0992953831962,1,1,1
1144.4217284778363,1,0,0
203.38122260382937,0,0,0
1233.8643811313477,0,1,1
1980.207161707484,1,1,1
288.7671903206828,1,0,0
1041.476008203836,1,1,1
1755.9724131366313,1,1,1
1484.129549330867,0,1,0
1397.0613245805832,1,1,1
1407.9433271343473,1,0,0
725.3873909273128,0,1,0
594.2477700863418,1,1,1
1620.628699402242,0,0,0
1622.1256554115696,0,0,0
1735.4739139744063,0,1,0
1827.348699587378,1,0,0
1027.5713737332662,1,1,1
1008.0174264275272,0,1,0
1598.6074061438826,1,0,0
1303.4282222477527,1,1,1
1406.9140857428297,0,1,0
1593.627412177841,0,1,0
1781.110630216957,1,1,1
682.6103621345562,0,0,0
757.4100757534886,1,0,0
197.0240602833293,1,1,1
1160.7774805823863,1,0,0
81.52512485551675,1,1,1
936.5400560835957,0,1,0
1089.8628230680774,0,1,0
580.217091735286,0,1,0
1185.7581885323314,0,1,0
70.69549737870835,1,0,0
84.32289561093668,1,1,1
1646.97511571272,0,0,0
726.7793764084131,1,0,0
262.8504201772507,1,1,1
1049.2640875090608,1,1,1
1542.2871706662356,0,1,1
439.48384471871793,0,1,0
1249.5520468798104,0,1,0
179.84145533759832,1,0,0
112.84662512552931,0,1,0
1067.3957168206146,0,1,0
1085.863892004112,0,0,0
1278.485503981431,0,0,0
1454.9217541080964,0,1,1
1951.945638130444,0,0,0
1037.4376931193788,1,1,1
652.6833811530795,1,0,0
1592.4205275897202,0,0,0
548.9561800115277,0,1,0
883.5531272042158,1,0,0
166.12819887110925,1,0,0
60.447979396760445,0,0,0
1925.6703452090708,0,0,0
1673.6004398192897,0,0,0
1394.988670126459,0,0,0
823.8163593843971,1,1,1
354.8556969409831,0,1,0
321.30971491546126,0,0,0
507.9833673475447,0,1,0
1102.9610627651798,0,1,0
1432.045886173124,1,1,1
1323.7927796682852,1,0,0
567.0684549224262,1,1,1
1910.1819085197562,0,0,0
1478.4148642245793,0,1,0
1113.1645644976873,1,0,0
1227.324285006361,0,0,0
845.004124231302,0,1,0
502.9846691073034,1,1,1
718.3856305160106,1,0,0
1518.1137598240946,1,1,1
38.64304237321418,1,1,1
240.98455460876332,0,1,0
101.54525762328797,0,0,0
91.05031661475057,1,0,0
1712.3665621819043,0,1,0
1410.279140166247,1,1,1
953.6059198837771,1,1,1
204.68997969549295,0,0,0
988.3155914824964,1,0,0
952.2088238533257,0,1,0
354.6717211209302,0,1,0
873.3647819835663,0,1,0
803.0244214507732,0,1,0
1235.5416951239108,1,1,1
1273.8363652266112,0,1,0
100.15497944636859,1,0,0
755.4791031066777,1,1,1
1255.4612322713303,1,0,0
1011.2411545743745,1,1,1
1714.4147839647612,0,1,0
1320.8003269217006,0,0,0
334.2395098920451,1,0,0
150.4318073268554,1,0,0
1288.414363630568,0,0,0
62.75750797782741,1,1,0
1175.693406734192,0,0,0
1881.0581804356657,1,1,1
1155.1936139729992,0,0,0
782.4581531509785,1,1,1
1290.1435547002827,1,1,1
921.9232520781181,0,1,0
1095.7774107387106,1,1,1
1883.514969465285,1,1,1
778.3442492235407,0,1,0
1922.7692220095894,1,0,0
1811.6477774925668,0,1,0
399.6243582306999,0,0,0
148.02898874157927,1,0,0
210.54822274107903,1,1,0
46.26143304658396,1,0,0
197.94149190429752,1,1,1
1369.1834790985502,1,0,0
151.66541043585568,1,1,0
644.761504284585,1,0,0
1691.3018688292145,0,1,1
56.31115211429347,1,1,1
1630.7922803519823,0,1,0
570.8910017990659,1,1,1
245.14800696709594,1,0,0
1396.5069590746598,0,1,0
1261.5962650919691,1,0,1
1756.1693069188354,1,0,0
1472.7913771697326,0,0,0
1608.9270514658488,1,1,1
571.2487994168999,1,0,0
363.1046921216484,1,0,0
1503.723355765308,0,0,0
1615.6011311418554,1,1,1
1981.1052325813398,1,1,1
831.1091770537387,1,0,0
750.3159907276386,1,1,1
1555.0617918765738,0,1,0
688.1990451035055,0,0,0
1862.2070779510939,1,0,0
1718.2413761675934,1,1,1
863.6981144762865,0,0,0
1504.2334249050798,0,1,0
1511.540319428518,1,1,1
215.2164989835059,0,1,0
1806.0802842923376,1,1,1
1015.4522211712357,0,1,0
1654.650357554406,0,1,1
646.8987060509174,0,0,0
1792.0912247074389,0,0,0
784.5113406809846,1,1,1
31.566926445793737,0,1,0
1811.7101330743346,0,1,0
191.6604868044058,1,0,0
645.4341388049256,0,1,0
1900.6233144311018,0,0,0
1901.7082224057367,1,1,1
1151.1413973653393,0,1,0
1267.3560522179005,1,0,0
902.4065887368563,1,0,0
593.4894356791484,1,1,1
664.0424452861328,1,1,1
1348.3117275933064,0,1,0
1507.2253135809833,1,0,0
1585.2422970144385,0,0,0
1581.3401041611623,0,0,0
191.50014506689382,0,0,0
993.8964063581371,0,0,0
124.54193243312213,0,0,0
1103.5624758242336,0,1,0
888.6456977330203,0,1,0
1776.5313236890165,0,0,0
708.3208749786365,0,1,0
242.96336269093567,0,1,0
294.55344728514336,1,0,0
1525.4061571177697,1,1,1
1240.2539459993595,1,0,0
211.23412548435257,0,0,0
177.37254416884488,1,1,1
1404.9285716036488,1,0,0
154.79838266474513,1,0,0
1645.501517987809,0,0,0
1415.4220320414274,0,0,0
171.88407347738053,0,0,0
178.82705102953193,0,0,0
1973.412761217339,1,0,0
754.7988835546795,1,0,0
747.5778726631129,1,1,1
1627.47113884243,1,1,1
1895.0246689938788,0,1,0
1972.142117007513,0,0,0
1509.2225886652939,0,0,0
758.7565752065224,1,1,1
176.16642623035085,0,1,0
1556.5223626955992,0,1,0
1121.224456974252,1,0,0
854.2017984014828,1,1,0
1813.6452263385247,0,1,0
231.28298978924116,0,0,0
990.3239575388097,0,1,0
32.59375308716395,0,0,0
942.6346775683113,0,0,0
122.04351860685632,0,0,0
246.4476533734631,1,1,0
243.8772310864387,1,1,0
1301.9285012109665,1,0,0
1494.6293097381924,0,1,1
1170.9038425433478,1,1,1
1924.7233714643385,0,1,0
755.9924532521711,0,1,0
578.5670517009029,1,0,0
1738.5122650970259,0,1,0
454.95571865371073,0,0,0
1926.8128534868165,1,0,0
34.18740463273452,1,1,1
1940.0588651482017,1,0,0
95.88822478164647,0,1,0
1783.3747962591615,1,1,1
1060.1252070817368,1,0,0
1985.9999442774076,0,0,0
156.85516382344375,1,0,0
1112.1700259586285,1,0,0
1938.9120458820069,1,1,1
1050.964709898596,0,1,0
1262.5032898891725,0,1,0
1394.539891079388,0,0,0
914.5367188878687,0,0,0
1258.8405793672862,1,0,1
1172.7854807269696,0,1,0
1803.3044408770681,0,0,0
100.43829687950117,1,1,1
569.1167472885384,1,0,0
1901.3188533123518,1,1,1
1781.6249299429235,0,1,0
916.7569380435688,0,0,0
1244.063869625058,0,0,0
561.988554132454,1,1,1
384.361107850285,1,1,1
932.7598258305645,0,0,0
713.1709337718451,1,0,0
1171.4756625832354,1,1,1
164.69192756031984,1,0,0
1949.0456672556713,0,1,1
1972.5593815144098,1,1,1
1399.3418108992928,1,0,0
1076.8317690247995,0,0,0
625.9599564097922,0,0,0
1629.452089216828,1,0,0
1372.6150333822197,1,0,0
333.60770929633367,0,1,0
1822.7450971427465,0,1,0
1646.8491134171063,1,0,0
1900.1018274509288,1,0,0
1454.1818216928364,1,0,0
1230.696239912222,1,1,1
842.3036422183316,0,0,0
1866.1296818744863,1,0,0
1733.4671401058126,1,1,1
99.98515351131692,0,1,0
62.47027924953149,1,0,0
759.1621000873187,0,0,0
1623.0011282558476,1,0,0
1974.6794973367396,1,1,1
309.3296132960211,0,0,0
1192.3201235507488,0,0,0
767.9728046957329,1,0,0
1940.1296516510604,1,1,1
1685.8166570400604,1,1,1
1678.2741223751643,0,0,0
942.6993879919909,1,0,0
835.4908096519537,0,1,0
554.0800731421054,0,1,0
122.18723833534496,1,1,1
1730.7975287475558,0,1,1
1627.6730081688543,1,1,1
1999.4381698394,1,1,1
1993.3073057770716,1,1,1
1115.3090941492287,1,1,1
1540.2849562092158,1,1,1
1890.0838024660318,0,0,0
1700.7983074480487,0,0,0
502.22272246896335,1,0,0
906.5828292670861,1,1,1
267.027236151475,0,0,0
1908.5615442448575,0,1,1
1216.2875225572514,0,1,0
464.9991829518908,0,0,0
1346.684361967655,1,1,1
1240.0751985112126,1,0,0
722.7438088853526,0,0,0
235.97960847726176,1,0,0
1346.4306592296712,0,1,0
1045.4123247985488,1,0,0
1546.9135995539223,0,1,0
1045.1253672128669,1,0,0
1705.8411856338948,0,0,0
1108.2946091612262,0,0,0
1126.2665633554186,1,1,1
1754.5406692901065,0,1,0
812.9309037626701,1,1,1
276.69030461677505,1,0,0
67.27752586354455,0,0,0
1512.7231387905017,1,1,1
1244.4160071933948,1,1,1
1411.1187385174549,1,1,1
433.79868140273237,1,1,0
281.37923641767185,1,1,1
38.94388467908504,0,1,0
707.669242025128,1,0,0
1183.9361968407197,1,1,1
790.5656497484673,1,0,0
880.5750948272208,1,0,0
1809.2758020425592,1,1,1
703.0283793763676,0,1,0
1032.8390834280235,1,0,0
1569.4694953548747,0,1,0
799.1201368193276,0,1,0
1247.9525334534683,0,0,0
1726.103780406023,0,0,0
1899.5460410787077,1,0,0
302.6762270487855,0,1,0
1853.9093740713738,0,0,0
989.311423228281,1,1,1
523.9063327149271,1,0,0
923.68015491414,1,0,0
1960.2648248180992,0,0,0
990.3100070458105,1,1,1
664.2157044721414,1,1,1
1270.4677000902843,0,0,0
487.8897813686042,1,0,0
160.9680229362412,1,0,0
266.47064660219195,1,1,0
264.81121952596715,1,0,0
312.28636008946575,0,1,0
286.26607357232615,1,0,0
1285.340742158397,1,0,0
371.9413679542982,0,0,0
697.8778938144878,1,0,0
1794.6089357129636,0,0,0
953.1836641231159,1,0,0
1338.439899656844,0,1,0
352.91654369124336,0,0,0
392.65514742925484,0,1,0
91.32854637029294,0,0,0
346.18077551360744,1,0,0
564.3947746735977,0,1,0
362.25086371072615,1,0,0
186.51804217654066,0,1,0
250.06538349019561,0,1,0
926.9497483851243,0,0,0
420.6040996275271,1,1,1
734.8970234856702,0,1,0
1011.8003690011652,1,0,0
1383.885708972437,1,1,1
88.23115828378688,1,0,0
1600.8266938289948,1,0,0
1259.5217750869065,1,0,0
172.7004735782551,1,0,0
1748.4214619724867,1,1,1
1842.5360770583081,1,0,0
131.54514011117885,1,0,0
560.9865198129354,0,1,0
1614.3405467881921,0,0,0
1499.0367838634802,0,0,0
377.1968285191909,0,1,0
426.6051534400535,0,1,0
747.2394845548502,1,1,1
974.2007405301324,1,1,1
1240.3269953452889,1,1,1
744.1381427438471,1,1,1
930.4440851049643,1,1,1
1497.4671668861754,1,0,0
82.99957375228982,1,1,0
512.3495192446013,0,1,0
1429.5656759102594,0,1,0
1791.4616069975266,0,0,0
1028.2381098101755,0,0,0
1068.905835677978,1,1,1
223.27230256615434,1,1,0
900.3506099786747,1,1,1
1069.9083602454962,0,0,0
492.516302233112,1,0,0
545.7940295892681,1,1,0
760.7954845781991,1,0,0
49.94168357767548,0,1,0
650.9375395105247,1,0,0
430.78153392312385,0,0,0
661.7197308340501,0,1,0
248.32664232030993,0,1,0
1782.1492886723909,0,1,0
1191.2489825725568,1,1,1
1361.4136150975344,0,0,0
1580.4507648286033,0,0,0
1001.899975868824,1,0,0
182.97137329397316,1,1,1
1078.84201821891,0,0,0
1177.8138248615494,1,1,1
1493.4245536268168,0,0,0
869.0024969970619,0,1,0
263.8848025631719,0,1,0
574.7140525394617,0,0,0
732.5337698332838,1,1,1
1295.3753102498865,0,1,0
1145.8488262911346,1,0,0
718.6324845367141,1,1,1
1973.1653450980295,1,1,1
1215.4918905202055,1,1,1
482.08131555462904,0,0,0
212.54712051460345,1,0,0
314.1896869768207,0,1,0
499.4558794851712,1,0,0
329.75593278651576,1,1,1
381.2683778620985,0,1,0
577.3393857007558,0,1,0
355.0134546365621,0,1,0
1794.563195006586,1,1,1
169.665153866668,1,0,0
1053.7776652448067,0,1,0
826.6896857094264,0,0,0
1964.9334476481267,0,0,0
232.95741531442417,0,1,0
801.7326421010258,1,1,1
1939.246162217984,0,0,0
1732.3591805290207,0,0,0
1635.973421189067,0,0,0
523.2266258194303,0,1,0
350.066298906231,1,0,0
1340.6000076496177,0,1,0
1859.4582183638956,1,1,1
1117.9581570977202,0,1,0
1147.5092520451008,0,0,0
567.1583963839655,1,1,1
1541.2909370519544,0,1,0
382.2170596294715,1,1,1
654.1216804444449,1,1,1
856.6185128466694,0,1,0
1020.1446535820655,1,0,0
492.3953675060097,1,1,1
238.52528123101504,1,1,0
1225.1338844588488,1,0,0
584.3748009481089,1,1,1
1166.6640606309984,1,0,0
317.1818033956626,1,1,1
967.4688026910868,1,0,0
1069.8529707776559,0,0,0
113.12883827662955,0,1,0
679.8425136059019,1,1,0
277.48520710855877,0,1,0
136.1161912408078,1,0,0
1980.020862455991,1,0,0
651.4841514996987,0,0,0
1621.6501472507234,1,1,1
516.7349029798901,1,0,0
1366.1904172256193,1,0,0
1522.8534411804762,1,1,1
1195.3210938096101,0,0,0
948.4366152148151,1,0,0
829.5634191530644,1,1,1
704.2478504205607,1,0,0
1859.7629970531734,0,1,1
1662.932621497581,1,1,1
1930.40355222636,0,1,0
257.35147473623397,0,1,0
1464.426275655252,1,1,1
1877.2975090738653,1,0,0
370.6538016696637,0,0,0
142.32757205988722,1,1,0
1484.8300920872175,0,1,0
1153.2014952280247,0,0,0
1685.2392657489613,1,1,1
288.1470294863161,1,1,1
1592.5819506011815,0,1,0
411.2383668950116,0,0,0
335.67532630275196,0,0,0
336.888937882676,0,1,0
1631.0036932604503,1,1,1
1333.7424691854383,1,0,0
1050.9001952905473,1,0,0
724.07266340577,1,1,1
1755.6290762180854,1,1,1
790.9657637710444,0,0,0
1635.0328845484385,1,0,0
883.8784680547346,1,0,0
760.1194145555661,1,1,1
930.7327734825168,1,0,0
609.7419695866428,1,1,1
1497.7426665507396,0,0,0
1010.4135762840335,0,0,0
472.10326334216643,0,0,0
1800.1534008163912,1,0,1
773.9435305326907,0,1,0
1091.6701936168372,0,1,0
1813.8795008194484,1,0,0
1252.2336118688443,1,1,1
242.6271010096445,1,0,0
1880.2659259908155,0,0,0
1259.1390256121215,0,0,0
676.4621731676013,1,0,1
287.1514246001407,1,1,1
1590.110126647889,0,0,0
1243.944784297742,0,0,0
1071.5875730328798,1,1,1
1788.8462402714058,1,0,0
1579.3084503368161,0,0,0
311.83301066817484,1,0,0
630.326914913141,0,1,0
504.4933882307868,0,0,0
1490.4531222196272,0,1,0
76.72954512420097,0,0,0
1144.08047289392,1,0,0
1527.292784623974,1,1,1
1754.7636171558813,0,0,0
690.7426799446558,0,0,0
1644.3020362973057,0,1,1
230.1571565408624,0,1,0
1694.4400605516912,0,1,1
263.702438040645,1,1,1
800.6017082151309,1,1,1
1596.6177779013117,1,0,0
308.33568042405983,1,1,1
466.21027651295657,0,0,0
1447.2826111022018,0,0,0
1442.872707726688,0,0,0
1285.8837894417416,0,1,0
1390.9574044895292,0,1,0
1090.0216422617164,1,0,0
511.08012722483596,0,1,0
697.9350270727997,1,1,1
371.3794564348371,1,1,1
1817.8166170539205,1,1,1
1170.9496715845796,1,0,0
807.6943193596434,0,0,0
929.391549251824,1,1,1
1895.0938458275125,1,0,0
315.1692922009996,1,1,1
1176.5973657134266,0,1,0
1016.7184709800873,0,0,0
1226.7939285149491,0,0,0
46.03926580347261,1,0,0
1745.5265787988615,1,1,1
1864.9153821423886,0,0,0
1134.6150353425257,1,1,1
1396.3351395150155,0,0,0
1845.7737685428185,0,0,0
1417.4048822836633,1,1,1
313.55269539938007,1,1,0
1156.8138367319582,1,1,1
1217.3629423018833,1,1,1
854.0200358917482,0,1,0
1475.5240288931984,0,1,0
1869.3903593903397,0,1,0
1851.881340684485,0,1,1
907.1703490942228,0,0,0
235.34371122310296,1,1,0
1969.8339859350458,0,1,0
1679.4071920274089,0,0,0
258.07873559450104,0,1,0
1842.4753464085709,1,0,1
1741.0937605036352,1,0,0
1042.4877336808836,1,1,0
1186.6381171324092,1,0,0
804.0153807015593,0,1,0
118.97566125584235,0,0,0
677.0425108753428,1,0,0
1607.6783627100428,1,0,0
19.21772577915969,0,1,0
673.6633516653769,0,1,0
802.3557002459772,1,0,0
1079.4172498464666,1,0,0
1840.5126766613932,1,1,1
699.2285287882629,1,1,1
700.4368717734931,0,0,0
1477.6274837383992,0,0,0
909.9137023707162,0,1,0
456.9635976505641,1,1,1
910.3546371040599,1,1,1
290.3054705558017,0,1,0
361.01010314738437,0,1,0
1001.7518677515646,0,0,0
843.6616445140503,0,1,0
1830.5433431255192,1,0,0
731.1638592420999,0,1,0
1165.3708170533064,0,0,0
1268.2059329598655,0,1,0
36.05796861078393,0,1,0
1330.4393703132541,0,0,0
364.2915740708053,0,0,0
1922.5299317642157,0,1,0
305.8388282286948,1,1,0
835.1020062167772,1,1,1
179.84583947650128,1,1,1
1993.7797611734352,1,1,1
1009.3680705591728,0,0,0
1194.816184466887,1,0,0
143.4821900029707,1,1,0
1502.4213360943638,0,0,0
427.71213026021564,0,0,0
1797.1280359870204,1,0,1
418.22788455919425,1,1,0
389.4685641206965,0,0,0
82.73383901770882,1,1,1
949.4132207688986,0,0,0
1134.0338551926068,0,1,0
140.7601924624212,0,0,0
1553.299957223071,0,1,0
912.044781148575,1,1,1
1053.5366359618843,0,0,0
887.117866407074,0,1,0
807.5184911418987,1,1,1
1123.6842593033537,0,1,0
318.9280894021179,1,1,1
372.03697968558953,1,1,0
1724.9533858168995,1,1,1
1892.769769645929,0,1,1
752.8855393967084,1,1,1
548.781899555672,1,0,0
1291.5590910456413,0,0,0
823.3810004852119,1,1,1
60.518847764086274,1,1,1
320.7436687587188,1,0,0
1434.784735406321,1,0,0
1321.2586444012013,1,0,0
63.92102508193214,0,1,0
451.72460224656936,1,0,0
469.8388452102621,1,1,1
1347.0665597614695,0,1,0
49.223970131184664,0,0,0
217.17607814930196,0,1,0
1601.833009892647,1,1,1
365.3038774881239,0,1,0
1308.9647546252306,1,1,1
483.9837342829858,1,0,0
207.88837159109687,0,0,0
493.91266008891364,0,1,0
1447.3111943927618,1,1,1
1712.8359715315087,0,0,0
1662.1375304883134,1,1,1
800.3952239407251,0,0,0
1339.489421775586,0,1,0
417.9187478774837,0,1,0
593.3639832194164,1,0,0
1793.7082788570283,0,0,0
35.873827786364714,1,0,0
180.16197640039147,1,0,0
423.6936477405944,1,1,1
62.79908570890123,1,0,0
371.05651582869666,0,1,0
1170.2527063296875,1,0,0
848.6348556790709,1,0,0
1786.41670504318,0,1,0
1636.7126878594975,1,0,0
690.2165298787731,0,0,0
526.252632528272,1,0,0
765.5878922528611,0,0,0
1184.6869356044674,1,1,1
543.4466452375237,0,1,0
1252.0563266197767,1,0,0
824.7291878605685,1,0,0
1108.5738898954407,0,0,0
877.8917929792802,0,1,0
595.9868614884161,0,1,0
1897.4220808546918,0,1,0
1529.575530377924,1,1,1
288.82521977524056,1,0,0
1738.2512720368466,0,0,0
979.9880845165321,1,0,0
1790.1589315192418,0,1,0
1601.7119593351572,0,0,0
856.1748738937746,1,1,1
54.713923557033624,1,1,1
544.6679451760427,1,0,0
1087.8520871751252,1,0,0
1270.621657454033,1,0,0
523.1964940120725,1,1,1
287.31858740492004,1,1,1
1671.5111712306052,0,0,0
1968.9603396000687,0,0,0
1056.1234627823449,0,1,0
351.64177883812397,0,0,0
551.8915797735442,0,1,0
46.5974463294588,1,1,1
1829.454625055393,0,0,0
244.32465495138086,0,0,0
1157.2677862733647,0,0,0
555.3698891675399,0,0,0
1112.8142250064288,0,1,1
1306.3265728202098,0,1,0
1661.1861893773312,0,1,1
420.7783308036004,1,0,0
31.88169903037615,1,1,0
282.40240383692645,0,0,0
1801.0370972777291,1,0,0
1749.0412543494053,1,0,0
1198.8520733189134,1,0,0
1205.0285522629702,1,0,0
1333.4229823470484,0,0,0
358.98884446066467,1,1,0
1829.67977239067,1,0,0
843.3533445352255,1,1,1
772.4456712164999,0,1,0
1042.6462335128467,0,0,0
103.46227388235954,0,0,0
340.90390382459805,0,0,0
1478.6868966884772,0,1,0
174.76934917100166,0,0,0
1210.2726978381124,0,1,0
498.2447282658287,1,0,0
784.6982719435333,1,0,0
584.5005361736927,1,1,1
717.7887057652488,0,1,0
1440.9013513166485,0,0,0
601.2722140901183,0,1,0
1137.1452341908255,0,1,0
957.3403003762083,0,1,1
1330.7056190716698,1,1,1
1874.2911812562684,1,1,1
1467.818473448398,0,0,0
437.73135339560594,0,0,0
72.0544387719565,0,1,0
531.9054481566519,0,0,0
1194.2050820935071,1,0,0
112.33736883365819,0,1,0
997.7688319304604,0,0,0
1197.7172693446096,0,1,0
675.145342725752,0,1,0
1544.1152854541856,1,0,0
222.1305237362059,0,1,0
159.52418565425944,0,1,0
1459.0956248451707,1,1,1
996.0277192503349,1,1,1
1379.9207688911947,1,1,1
875.306403821455,0,0,0
500.34004614582255,0,0,0
1640.0136121716575,1,1,1
1600.8375991482687,1,1,1
1392.4459770003093,1,0,0
551.5688230876258,1,1,1
1184.5590270694834,1,0,0
728.3380549106533,1,1,0
192.24832592000195,0,1,0
1835.4540151698632,0,1,1
282.2690755287332,0,1,0
1900.9723341033969,1,1,1
897.5514881863319,1,1,0
